Warmup(Easy),Check If A Number Is A Palindrome,https://leetcode.com/problems/palindrome-number/
Warmup(Easy),Reverse Bits,https://leetcode.com/problems/reverse-bits/
Warmup(Easy),Power of Two,https://leetcode.com/problems/power-of-two/
Warmup(Easy),Add Strings,https://leetcode.com/problems/add-strings/
Warmup(Easy),Changing Base,https://leetcode.com/problems/convert-to-base-2/
Warmup(Easy),Power of Four,https://leetcode.com/problems/power-of-four/
Arrays,Two Sum,https://leetcode.com/problems/two-sum/
Arrays,Contains Duplicate,https://leetcode.com/problems/contains-duplicate/
Arrays,Best Time to Buy and Sell Stock,https://leetcode.com/problems/best-time-to-buy-and-sell-stock/
Arrays,Valid Anagram,https://leetcode.com/problems/valid-anagram/
Arrays,Valid Parentheses,https://leetcode.com/problems/valid-parentheses/
Arrays,Product of Array Except Self,https://leetcode.com/problems/product-of-array-except-self/
Arrays,Maximum Subarray,https://leetcode.com/problems/maximum-subarray/
Arrays,3Sum,https://leetcode.com/problems/3sum/
Arrays,Container With Most Water,https://leetcode.com/problems/container-with-most-water/
Arrays,Merge two sorted lists,https://leetcode.com/problems/merge-two-sorted-lists/
Interval Array,Insert Interval,https://leetcode.com/problems/insert-interval/
Interval Array,Merge Intervals,https://leetcode.com/problems/merge-intervals/
Interval Array,Non-overlapping Intervals,https://leetcode.com/problems/non-overlapping-intervals/
Matrix Array,Set Matrix Zeroes,https://leetcode.com/problems/set-matrix-zeroes/
Matrix Array,Spiral Matrix,https://leetcode.com/problems/spiral-matrix/
Matrix Array,Rotate Image,https://leetcode.com/problems/rotate-image/
Matrix Array,Word Search,https://leetcode.com/problems/word-search/
String,Longest Substring Without Repeating Characters,https://leetcode.com/problems/longest-substring-without-repeating-characters/
String,Longest Repeating Character Replacement,https://leetcode.com/problems/longest-repeating-character-replacement/
String,Minimum Window Substring,https://leetcode.com/problems/minimum-window-substring/description/
String,Valid Anagram,https://leetcode.com/problems/valid-anagram)
String,Group Anagrams,https://leetcode.com/problems/group-anagrams/
String,Valid Parentheses,https://leetcode.com/problems/valid-parentheses/
String,Valid Palindrome,https://leetcode.com/problems/valid-palindrome/
String,Valid Palindrome II,https://leetcode.com/problems/valid-palindrome-ii/
String,Longest Palindromic Substring,https://leetcode.com/problems/longest-palindromic-substring/
String,Palindromic Substrings,https://leetcode.com/problems/palindromic-substrings/
BitMap,Sum of Two Integers,https://leetcode.com/problems/sum-of-two-integers/
BitMap,Number of 1 Bits,https://leetcode.com/problems/number-of-1-bits/
BitMap,Counting Bits,https://leetcode.com/problems/counting-bits/
BitMap,Missing Number,https://leetcode.com/problems/missing-number/
Recursion/Permutations,Subsets,https://leetcode.com/problems/subsets/
Recursion/Permutations,Subsets II,https://leetcode.com/problems/subsets-ii/
Math,"Pow(x, n)",https://leetcode.com/problems/powx-n/
Math,Sqrt(x),https://leetcode.com/problems/sqrtx/
Math,Integer to English Words,https://leetcode.com/problems/integer-to-english-words/
Linked List,Reverse a Linked List,https://leetcode.com/problems/reverse-linked-list/
Linked List,Detect Cycle in a Linked List,https://leetcode.com/problems/linked-list-cycle/
Linked List,Remove Nth Node From End Of List,https://leetcode.com/problems/remove-nth-node-from-end-of-list/
Linked List,Reorder List,https://leetcode.com/problems/reorder-list/
Tree,Maximum Depth of Binary Tree,https://leetcode.com/problems/maximum-depth-of-binary-tree/
Tree,Same Tree,https://leetcode.com/problems/same-tree/
Tree,Invert/Flip Binary Tree,https://leetcode.com/problems/invert-binary-tree/
Tree,Binary Tree Maximum Path Sum,https://leetcode.com/problems/binary-tree-maximum-path-sum/
Tree,Binary Tree Level Order Traversal,https://leetcode.com/problems/binary-tree-level-order-traversal/
Tree,Serialize and Deserialize Binary Tree,https://leetcode.com/problems/serialize-and-deserialize-binary-tree/
Tree,Subtree of Another Tree,https://leetcode.com/problems/subtree-of-another-tree/
Tree,Construct Binary Tree from Preorder and Inorder Traversal,https://leetcode.com/problems/construct-binary-tree-from-preorder-and-inorder-traversal/
Tree,Validate Binary Search Tree,https://leetcode.com/problems/validate-binary-search-tree/
Tree,Kth Smallest Element in a BST,https://leetcode.com/problems/kth-smallest-element-in-a-bst/
Tree,Lowest Common Ancestor of BST,https://leetcode.com/problems/lowest-common-ancestor-of-a-binary-search-tree/
Graph,Clone Graph,https://leetcode.com/problems/clone-graph/
Graph,Course Schedule,https://leetcode.com/problems/course-schedule/
Graph,Pacific Atlantic Water Flow,https://leetcode.com/problems/pacific-atlantic-water-flow/
Graph,Number of Islands,https://leetcode.com/problems/number-of-islands/
Graph,Longest Consecutive Sequence,https://leetcode.com/problems/longest-consecutive-sequence/
Heap,Merge K Sorted Lists,https://leetcode.com/problems/merge-k-sorted-lists/
Heap,Top K Frequent Elements,https://leetcode.com/problems/top-k-frequent-elements/
Heap,Find Median from Data Stream,https://leetcode.com/problems/find-median-from-data-stream/
Dynamic Programming,Tribonacci Number,https://leetcode.com/problems/n-th-tribonacci-number/
Dynamic Programming,Climbing Stairs,https://leetcode.com/problems/climbing-stairs/
Dynamic Programming,Coin Change,https://leetcode.com/problems/coin-change/
Dynamic Programming,Longest Increasing Subsequence,https://leetcode.com/problems/longest-increasing-subsequence/
Dynamic Programming,Longest Common Subsequence,https://www.geeksforgeeks.org/longest-common-subsequence-dp-4/
Dynamic Programming,Word Break Problem,https://leetcode.com/problems/word-break/
Dynamic Programming,Combination Sum,https://leetcode.com/problems/combination-sum-iv/
Dynamic Programming,House Robber,https://leetcode.com/problems/house-robber/ 
Dynamic Programming,House Robber II,https://leetcode.com/problems/house-robber-ii/
Dynamic Programming,Decode Ways,https://leetcode.com/problems/decode-ways/
Dynamic Programming,Unique Paths,https://leetcode.com/problems/unique-paths/
Dynamic Programming,Jump Game,https://leetcode.com/problems/jump-game/
